account,order_number,order_full,item_id,title,item_url,qty_sold,qty_available,price,price_text
primary,14178-92615,07-14178-92615,357639135719,Yaesu VX-7R Instruction Owners Manual Operating User Guide,https://www.ebay.com/itm/357639135719,1,1,17.00,$17.00
primary,14180-37535,06-14180-37535,357540089108,Ricoh GRIV Operating Manual GR IV,https://www.ebay.com/itm/357540089108,1,1,25.05,$25.05
primary,14157-29581,22-14157-29581,356211669463,Owners Manual for Panasonic Lumix DMC-G7 Camera,https://www.ebay.com/itm/356211669463,1,1,21.14,$21.14
primary,14183-07918,03-14183-07918,356864637492,Manual for TC Helicon VoiceLive 3 Extreme Vocal and Guitar Effects Processor,https://www.ebay.com/itm/356864637492,1,1,25.00,$25.00
primary,14161-19040,17-14161-19040,356088026194,Singer 3337 Simple Sewing Machine Manual,https://www.ebay.com/itm/356088026194,1,1,15.21,$15.21
primary,14169-72313,11-14169-72313,357539491061,Tesla Model 3 Owner's Manual 2017-2023,https://www.ebay.com/itm/357539491061,1,1,28.12,$28.12
primary,14178-84582,04-14178-84582,356150454666,Husqvarna Viking Designer Diamond Instruction Manual,https://www.ebay.com/itm/356150454666,1,1,19.36,$19.36
primary,14157-02909,19-14157-02909,357895028756,Singer 3337 Simple Sewing Machine Manual - Half-Letter Size,https://www.ebay.com/itm/357895028756,1,1,15.00,$15.00
primary,14179-16209,03-14179-16209,357639147828,"Kenwood TS-890S In-Depth Manual, 96 pages",https://www.ebay.com/itm/357639147828,1,1,21.22,$21.22
primary,14150-71238,21-14150-71238,357679717791,"ICOM IC-7300 Transceiver Basic User Manual, 80 pages",https://www.ebay.com/itm/357679717791,1,1,17.00,$17.00
primary,14168-11407,08-14168-11407,356927574255,Leica SL3-S Instruction Manual SL3S,https://www.ebay.com/itm/356927574255,1,1,41.21,$41.21
primary,14153-99071,17-14153-99071,356117124782,Singer 5500 5400 6199 6180 6160 Instruction Manual,https://www.ebay.com/itm/356117124782,1,1,16.84,$16.84
primary,14172-39636,04-14172-39636,356352323255,Leica D-LUX 8 Instruction Manual,https://www.ebay.com/itm/356352323255,1,1,23.00,$23.00
primary,14149-64212,20-14149-64212,356107524192,Blackmagic Design Pocket Cinema Camera Manual,https://www.ebay.com/itm/356107524192,1,1,28.47,$28.47
primary,14153-41797,17-14153-41797,357955900737,Owners Manual for Leica M EV1 Camera,https://www.ebay.com/itm/357955900737,1,1,26.00,$26.00
primary,,,356117237390,Instruction Manual for Canon XA60 XA65 Video camera,https://www.ebay.com/itm/356117237390,1,1,22.77,$22.77
primary,14156-38122,24-14156-38122,357872643392,PFAFF 260 360 Sewing Machine Service Manual,https://www.ebay.com/itm/357872643392,1,1,19.00,$19.00
primary,14158-05707,12-14158-05707,356093451492,Owners Manual for Panasonic Lumix DC-ZS80 Camera,https://www.ebay.com/itm/356093451492,1,1,29.72,$29.72
primary,14152-97626,15-14152-97626,356352289451,Leica Q3 43 Instruction Manual,https://www.ebay.com/itm/356352289451,1,1,36.00,$36.00
primary,14164-23266,07-14164-23266,356190595375,Yamaha DGX-640 Instruction Manual,https://www.ebay.com/itm/356190595375,1,1,17.00,$17.00
primary,14142-55740,22-14142-55740,357278994948,Olympus E-M5 Mark II / EM5 II Digital Camera INSTRUCTION MANUAL,https://www.ebay.com/itm/357278994948,1,1,21.00,$21.00
primary,14136-21017,26-14136-21017,357540708016,Brother CS7000X Instruction Manual,https://www.ebay.com/itm/357540708016,1,1,14.47,$14.47
primary,14170-62379,01-14170-62379,357555683083,Nikon CoolPix P510 Reference Manual,https://www.ebay.com/itm/357555683083,1,1,25.23,$25.23
primary,14168-51926,02-14168-51926,356104228917,Owners Manual for Canon SX530 HS Power Shot Camera,https://www.ebay.com/itm/356104228917,1,1,21.64,$21.64
primary,14161-44838,06-14161-44838,357910515251,Icom IC-7300 Basic Manual & Service Manual & Full Manual on CD,https://www.ebay.com/itm/357910515251,1,1,17.00,$17.00
primary,14159-49133,07-14159-49133,356115348520,Husqvarna Viking Emerald 116 / 118 / 122 Manual,https://www.ebay.com/itm/356115348520,1,1,15.94,$15.94
primary,,,357648033938,Rotax Racing Kart Repair manual for 125 Senior Junior Max Mini Micro Evo,https://www.ebay.com/itm/357648033938,1,1,,
primary,,,357675456168,Rotax Racing Kart Operator manual for 125 Senior Junior Max Mini Micro Evo,https://www.ebay.com/itm/357675456168,1,1,,
primary,14154-96946,08-14154-96946,357540771070,Owners Manual for Yaesu FT-991A Transceiver,https://www.ebay.com/itm/357540771070,1,1,19.43,$19.43
primary,14146-19545,24-14146-19545,356122979964,Husqvarna Viking Sapphire 930 Instruction Manual,https://www.ebay.com/itm/356122979964,1,1,16.98,$16.98
primary,14161-33013,02-14161-33013,356092344439,Pentax Ricoh GRII Operating Manual GR II,https://www.ebay.com/itm/356092344439,1,1,22.55,$22.55
primary,14154-45124,06-14154-45124,357641329647,Icom IC-746PRO Instruction manual 116 pages,https://www.ebay.com/itm/357641329647,1,1,24.00,$24.00
primary,14142-43166,14-14142-43166,356104669639,Leica D-LUX 7 Instruction Manual,https://www.ebay.com/itm/356104669639,1,1,39.85,$39.85
primary,14124-75260,26-14124-75260,357539225716,Tesla Model S Owner's Manual 2025+,https://www.ebay.com/itm/357539225716,1,1,29.60,$29.60
primary,14128-17594,22-14128-17594,356150878976,Owners Manual for Kenwood TM-V71A Transceiver,https://www.ebay.com/itm/356150878976,1,1,22.77,$22.77
primary,14127-71807,22-14127-71807,356712923256,Radio Shack Tandy Computer: Hidden Powers of the TRS-80 Model 100 Book Manual,https://www.ebay.com/itm/356712923256,1,1,40.50,$40.50
primary,14120-58530,26-14120-58530,356117663394,Owners Manual for Sony FDR-AX33 Video Camera,https://www.ebay.com/itm/356117663394,1,1,19.36,$19.36
primary,14143-94946,09-14143-94946,356088931176,Brother JX2517 Instruction Manual,https://www.ebay.com/itm/356088931176,1,1,15.00,$15.00
primary,14154-22239,02-14154-22239,357951210630,"ICOM IC-706MKIIG Service Manual 85 pages, IC-706 MK II G",https://www.ebay.com/itm/357951210630,1,1,22.00,$22.00
primary,14140-93095,11-14140-93095,356123048381,Owners Manual for Yaesu FT-891 Transceiver,https://www.ebay.com/itm/356123048381,1,1,17.76,$17.76
primary,14141-97468,10-14141-97468,356129438458,Zoom R8 Operation Manual,https://www.ebay.com/itm/356129438458,1,1,21.52,$21.52
primary,14137-93790,13-14137-93790,356093959893,"Instruction Manual for Canon EOS 1500D, Rebel T7",https://www.ebay.com/itm/356093959893,1,1,34.16,$34.16
primary,14134-38486,15-14134-38486,356723584635,Nikon CoolPix S7000 Reference/ Instruction Manual,https://www.ebay.com/itm/356723584635,1,1,21.06,$21.06
primary,14118-75856,26-14118-75856,356629253090,Radio Shack Tandy TRS-80 Model 102 Portable Computer Manual,https://www.ebay.com/itm/356629253090,1,1,31.19,$31.19
primary,14139-28408,10-14139-28408,356885714929,"Operation Manual for Humminbird Xplore, Apex and Solix",https://www.ebay.com/itm/356885714929,1,1,27.90,$27.90
primary,14122-40215,21-14122-40215,356092065836,Reference Manual for Nikon Z7 ii Z6 ii Camera Z 6 Z 7,https://www.ebay.com/itm/356092065836,1,1,93.74,$93.74
primary,14150-43517,01-14150-43517,357539406197,Tesla Model Y Owner's Manual 2025+,https://www.ebay.com/itm/357539406197,1,1,30.00,$30.00
primary,14119-96649,22-14119-96649,356087901403,Singer 7285Q Instruction Manual,https://www.ebay.com/itm/356087901403,1,1,16.50,$16.50
primary,14134-08944,12-14134-08944,356120998971,Leica SL3 Instruction Manual,https://www.ebay.com/itm/356120998971,1,1,44.41,$44.41
primary,14139-00394,08-14139-00394,357658378201,Kenwood TS-140S TS-680S Service Manual,https://www.ebay.com/itm/357658378201,1,1,28.49,$28.49
secondary,14164-64654,17-14164-64654,204582976797,Manual for PPC ROM module of Hewlett Packard HP 41C CX CV Calculator,https://www.ebay.com/itm/204582976797,1,1,55.00,$55.00
secondary,14161-95556,18-14161-95556,204278172842,Hewlett Packard HP 50G Calculator users's guide,https://www.ebay.com/itm/204278172842,1,0,115.00,$115.00
secondary,,,204896513615,Manual for Hewlett-Packard HP 67 | HP 97 Calculator Users' Library Solutions,https://www.ebay.com/itm/204896513615,1,1,,
secondary,14182-25331,01-14182-25331,204580957493,Manual for Hewlett Packard HP-35 Calculator: Surveying Pac,https://www.ebay.com/itm/204580957493,1,1,20.00,$20.00
secondary,14157-29498,17-14157-29498,204107175092,Manual for SHARP PC-G850V(S) Calculator in ENGLISH,https://www.ebay.com/itm/204107175092,1,1,55.00,$55.00
secondary,14166-61380,08-14166-61380,204580995788,Manual for Hewlett Packard HP-32S: Tips and Programs,https://www.ebay.com/itm/204580995788,1,1,22.00,$22.00
secondary,14137-86786,26-14137-86786,204579711172,Manual for Hewlett Packard HP 10C Calculator,https://www.ebay.com/itm/204579711172,1,1,30.00,$30.00
secondary,14153-34773,14-14153-34773,204968591349,Casio Calculator ClassPad II FX CP-400 User's Guide Manual,https://www.ebay.com/itm/204968591349,1,1,42.00,$42.00
secondary,14154-21178,11-14154-21178,204889422314,SwissMicros DM-41L DM-15L DM-16L DM-12L DM-11L Voyager Series user manual,https://www.ebay.com/itm/204889422314,1,1,15.00,$15.00
secondary,,,204989904297,Systemyde Hewlett Packard HP 41CL Calculator User Manual,https://www.ebay.com/itm/204989904297,1,1,,
secondary,,,204989969198,Systemyde Hewlett Packard HP 41CL Calculator Functions Manual,https://www.ebay.com/itm/204989969198,1,1,,
secondary,,,204989973408,Manual for Systemyde Hewlett Packard HP 41CL Calculator: The Easy Way,https://www.ebay.com/itm/204989973408,1,1,,
secondary,14144-47046,11-14144-47046,204939852688,Repair Kit Flexible Circuit For HP 41CV CX Calculator Battery Bay With Manual,https://www.ebay.com/itm/204939852688,1,1,53.00,$53.00
secondary,14146-55752,08-14146-55752,205835500613,Manual for Hewlett Packard HP 50G Calculator mini format,https://www.ebay.com/itm/205835500613,,,39.00,$39.00
secondary,14139-67367,13-14139-67367,205844733568,Manual for Hewlett Packard HP-12C Calculator: Solutions Handbook - Half-Letter,https://www.ebay.com/itm/205844733568,,,35.00,$35.00
secondary,14150-30425,04-14150-30425,204968580883,Texas Instruments TI Nspire CX CAS manual: Getting started,https://www.ebay.com/itm/204968580883,1,1,25.00,$25.00
secondary,14149-46709,04-14149-46709,204582411612,Manual for HP 12C Calculator: The HP 12C Made Easy,https://www.ebay.com/itm/204582411612,1,1,37.05,$37.05
secondary,14146-17299,04-14146-17299,204889476788,Manual for Hewlett Packard HP-12C Calculator: Solutions Handbook,https://www.ebay.com/itm/204889476788,1,1,35.00,$35.00
secondary,14136-09595,10-14136-09595,204896414552,Manual for Hewlett Packard HP 12C Platinum : Solutions Handbook,https://www.ebay.com/itm/204896414552,1,1,40.00,$40.00
secondary,14113-85113,25-14113-85113,204580983480,Manual for Hewlett Packard WP-34S Calculator,https://www.ebay.com/itm/204580983480,1,1,35.00,$35.00
secondary,14122-28855,17-14122-28855,204963822408,HP 12C Platinum Owner’s Handbook and Problem-Solving Guide,https://www.ebay.com/itm/204963822408,1,1,40.00,$40.00
secondary,14125-85910,10-14125-85910,204974771045,"Manual for HP 28C | HP 28S calculator, Step-by-Step Solutions:",https://www.ebay.com/itm/204974771045,1,1,17.00,$17.00
secondary,14125-95614,06-14125-95614,204089178000,Manual for Hewlett Packard HP 34C Calculator,https://www.ebay.com/itm/204089178000,1,1,45.00,$45.00
secondary,14128-10752,01-14128-10752,205384837617,Owner Manual for HP-87 Vintage Computer,https://www.ebay.com/itm/205384837617,1,1,19.00,$19.00
secondary,14100-98464,18-14100-98464,205360865974,Texas Instruments TI Nspire / TI Nspire CAS manual : Getting started,https://www.ebay.com/itm/205360865974,1,1,25.00,$25.00
secondary,,,204968594594,Texas Instruments TI 84 Plus CE calculator Getting started Manual,https://www.ebay.com/itm/204968594594,1,1,17.00,$17.00
secondary,14087-69851,27-14087-69851,205822729641,HP 71B Calculator: HP82490A HP-41 Translator Pac Module & Owner's Manual,https://www.ebay.com/itm/205822729641,,,360.00,$360.00
secondary,14106-72388,13-14106-72388,205957210179,Hewlett Packard HP-41c 41CV 41X Calculator Service Manual Copy,https://www.ebay.com/itm/205957210179,1,1,33.00,$33.00
secondary,14114-58006,04-14114-58006,205397602333,Service Manual for Card reader HP82104A for Hewlett Packard HP 41CV Calculator,https://www.ebay.com/itm/205397602333,1,1,18.05,$18.05
secondary,14087-17494,23-14087-17494,204596351504,User's guide for Hewlett Packard HP Prime Manual,https://www.ebay.com/itm/204596351504,1,1,120.00,$120.00
secondary,14114-70583,03-14114-70583,204616721235,SwissMicros DM-41X user manual (Hewlett Packard HP 41CX Calculator),https://www.ebay.com/itm/204616721235,1,1,19.00,$19.00
secondary,14108-37833,05-14108-37833,204616721925,SwissMicros DM-42 user manual (Hewlett Packard HP 42 Calculator),https://www.ebay.com/itm/204616721925,1,2,17.00,$17.00
secondary,14102-76338,05-14102-76338,204889448336,HP-12C Calculator Owner's Handbook and Problem-Solving Guide Manual,https://www.ebay.com/itm/204889448336,1,1,49.00,$49.00
secondary,14095-73608,08-14095-73608,204089168289,Manual for Hewlett Packard HP 41 Calculator Aviation pac module,https://www.ebay.com/itm/204089168289,1,2,15.00,$15.00
secondary,14078-97921,20-14078-97921,203805326176,Aviation pac manual for Hewlett Packard HP 41CV calculator module,https://www.ebay.com/itm/203805326176,1,2,19.00,$19.00
secondary,14077-70780,20-14077-70780,205176209449,Texas Instruments TI Nspire CX II / CX CAS II manual: Handleds Guidebook,https://www.ebay.com/itm/205176209449,1,1,23.00,$23.00
secondary,14073-88593,15-14073-88593,205398846669,Hewlett Packard HP 41CV P 41C Calculator Manual: Operating Manual,https://www.ebay.com/itm/205398846669,1,1,22.00,$22.00
secondary,14070-72416,16-14070-72416,204580984900,Manual for Hewlett Packard WP-34S Calculator,https://www.ebay.com/itm/204580984900,1,1,39.00,$39.00
secondary,14080-91041,08-14080-91041,204084044488,Manual for Hewlett Packard HP 42S Calculator,https://www.ebay.com/itm/204084044488,1,1,55.00,$55.00
secondary,14086-81105,04-14086-81105,204645968318,Manual for Hewlett Packard HP 42S Calculator: Programming Examples and Technique,https://www.ebay.com/itm/204645968318,1,1,40.00,$40.00
secondary,14057-94095,19-14057-94095,204579815642,Manual for Hewlett Packard HP-32S Calculator,https://www.ebay.com/itm/204579815642,1,1,49.00,$49.00
secondary,14038-41459,11-14038-41459,204835637711,Casio Pocket Computer Fx-890P Z-1 User Manual,https://www.ebay.com/itm/204835637711,1,1,20.00,$20.00
secondary,14012-78862,25-14012-78862,205399513750,Hewlett Packard HP-41c 41CV 41X Calculator Service Manual,https://www.ebay.com/itm/205399513750,1,1,29.70,$29.70
secondary,14032-15866,08-14032-15866,204823820821,Manual for Hewlett Packard HP 41 Calculator: HP-IL Module,https://www.ebay.com/itm/204823820821,1,1,19.00,$19.00
secondary,14023-03945,11-14023-03945,204889267360,Manual for Hewlett Packard HP-20b / HP-30b Financial Calculator: Users' Guide,https://www.ebay.com/itm/204889267360,1,1,21.00,$21.00
secondary,14010-08824,03-14010-08824,204547359303,Manual for Hewlett Packard HP 16C Calculator,https://www.ebay.com/itm/204547359303,1,2,55.00,$55.00
secondary,13989-16505,15-13989-16505,205401431167,Hewlett Packard HP-41C CV CX Calculator: Financial PAC Manual,https://www.ebay.com/itm/205401431167,1,0,17.00,$17.00
secondary,13963-89447,27-13963-89447,204888775257,Manual for Hewlett Packard HP 42S Calculator: Mechanical engineering,https://www.ebay.com/itm/204888775257,1,2,25.00,$25.00
secondary,13963-89450,27-13963-89450,204986495649,Manual Hewlett Packard HP 42S Calculator: Electrical Engineering - Half-Letter,https://www.ebay.com/itm/204986495649,1,2,39.00,$39.00
secondary,13966-58514,22-13966-58514,204888764439,Manual for Hewlett Packard HP 42S Calculator: Electrical Engineering,https://www.ebay.com/itm/204888764439,1,1,40.00,$40.00
secondary,13941-58875,26-13941-58875,205376398333,Manual for SHARP PC-1600 Pocket Computer Calculator,https://www.ebay.com/itm/205376398333,1,1,52.00,$52.00
secondary,13953-88804,24-13953-88804,204848140912,Manual for Hewlett Packard HP-12C Calculator: professional Real Estate,https://www.ebay.com/itm/204848140912,1,1,49.00,$49.00
secondary,13957-26960,05-13957-26960,204142872503,Manual for Hewlett Packard HP 50G Calculator,https://www.ebay.com/itm/204142872503,1,1,45.00,$45.00
secondary,13944-32791,04-13944-32791,204968576217,Texas Instruments Ti nspire CX CAS / CX CAS II calculator reference manual,https://www.ebay.com/itm/204968576217,1,1,45.00,$45.00
secondary,13902-85042,22-13902-85042,204642321655,Operating Manual for Hewlett Packard HP 41C CV Calculator,https://www.ebay.com/itm/204642321655,1,1,17.00,$17.00
secondary,13901-46909,18-13901-46909,204628731768,Hewlett Packard HP 48GX Calculator 48G Series Advanced User’s Reference Manual,https://www.ebay.com/itm/204628731768,1,2,110.00,$110.00
secondary,13883-98103,20-13883-98103,205182046732,Manual for Hewlett Packard HP 67 Calculator,https://www.ebay.com/itm/205182046732,1,0,45.00,$45.00
